,rouge1,rouge2,rougeL,rougeLsum,Bertscore
0,0.178317176133509,0.03215024286487438,0.13517824890052083,0.13520243657488656,0.8544164842880163
