,rouge1,rouge2,rougeL,rougeLsum,Bertscore
0,0.22199205899831487,0.07005795617282236,0.19208837307348248,0.19172914769089297,0.8623465580501776
