,rouge1,rouge2,rougeL,rougeLsum,Bertscore
0,0.3486039879242838,0.13087881180459293,0.22529274705166946,0.22917344700565292,0.8598711155004196
