,rouge1,rouge2,rougeL,rougeLsum,Bertscore
0,0.14857990064103732,0.026723127973713595,0.11594344275947543,0.116336493062916,0.8474911885692719
