,rouge1,rouge2,rougeL,rougeLsum,Bertscore
0,0.33837771510743486,0.11856307781752667,0.21299421976632454,0.21636782938187704,0.8656775034981005
