,rouge1,rouge2,rougeL,rougeLsum,Bertscore
0,0.25392409853805253,0.06739559939523648,0.18335262621208145,0.18333483105391674,0.8715743385856652
