,rouge1,rouge2,rougeL,rougeLsum,Bertscore
0,0.22189547784753155,0.06883366170395665,0.18998576045070795,0.19128165568603916,0.8652910351753235
