,rouge1,rouge2,rougeL,rougeLsum,Bertscore
0,0.20189012677882578,0.04490787846416816,0.15399734328204107,0.15393335293266652,0.8610245111313733
