,rouge1,rouge2,rougeL,rougeLsum,Bertscore
0,0.30680766149449784,0.10569035854512793,0.2570745955797583,0.258572706575817,0.8889100354650746
