,rouge1,rouge2,rougeL,rougeLsum,Bertscore
0,0.19790208764857475,0.036008325024353055,0.149281083578656,0.14918220760946818,0.8621179034816139
