,rouge1,rouge2,rougeL,rougeLsum,Bertscore
0,0.38452280379139503,0.16238698013257968,0.2556208107935961,0.25934633305192967,0.8729262979169581
