,rouge1,rouge2,rougeL,rougeLsum,Bertscore
0,0.16562402488900813,0.028119415071544786,0.1298363548798152,0.1302503871163074,0.8529171901455253
