,rouge1,rouge2,rougeL,rougeLsum,Bertscore
0,0.3845761336165744,0.16260466889895275,0.25554618028363296,0.25943967564833714,0.8729262985937709
