,rouge1,rouge2,rougeL,rougeLsum,Bertscore
0,0.3063759136092915,0.10532807943446511,0.2575511027407851,0.25774233602715285,0.8889100365016771
