,rouge1,rouge2,rougeL,rougeLsum,Bertscore
0,0.19783649691065563,0.035889874871318714,0.14921215550373906,0.1490519983707309,0.862117904122524
