,rouge1,rouge2,rougeL,rougeLsum,Bertscore
0,0.16567723925143582,0.027906671428151418,0.1298314547167692,0.1295091061340286,0.8529171893780835
