,rouge1,rouge2,rougeL,rougeLsum,Bertscore
0,0.31362214843858865,0.09462876094103785,0.1947853787065786,0.198581572337845,0.8568306898386848
