,rouge1,rouge2,rougeL,rougeLsum,Bertscore
0,0.17471952671880997,0.04110615796427175,0.1465672321556284,0.14625022242427638,0.8594913754198287
