,rouge1,rouge2,rougeL,rougeLsum,Bertscore
0,0.1771933190673301,0.030236872627104353,0.13299260956291936,0.1328597928113058,0.8394519403364676
