,rouge1,rouge2,rougeL,rougeLsum,Bertscore
0,0.11309326944140044,0.015576927278322425,0.08617928755358661,0.0867410169945644,0.6582278589609311
