,rouge1,rouge2,rougeL,rougeLsum,Bertscore
0,0.1763588882868583,0.032260322048997675,0.13518527294241056,0.13525293595501633,0.8562170489607455
