,rouge1,rouge2,rougeL,rougeLsum,Bertscore
0,0.3391459490076196,0.11389376635439835,0.21486670554676537,0.21811608483311634,0.8634023852799655
