,rouge1,rouge2,rougeL,rougeLsum,Bertscore
0,0.13263748179805307,0.015879774919911414,0.10415075006771593,0.10371928737787209,0.8437657258403835
