,rouge1,rouge2,rougeL,rougeLsum,Bertscore
0,0.20857913913890347,0.04918739140529001,0.17340755930691673,0.17333153635653487,0.864786724631603
