,rouge1,rouge2,rougeL,rougeLsum,KL_Divergence,bertscore
0,0.13110328994969783,0.021517532203127094,0.10513988789965263,0.1051752334325996,0.06111996130953838,82.67
