,rouge1,rouge2,rougeL,rougeLsum,KL_Divergence,bertscore
0,0.172212738376661,0.04258117377743284,0.1493606021487225,0.14967181591202317,0.2798182530972611,85.30
