,rouge1,rouge2,rougeL,rougeLsum,KL_Divergence,bertscore
0,0.17389525440937847,0.031037481263813466,0.13374833370677564,0.13380947759072864,0.1268448465670468,85.14
