,rouge1,rouge2,rougeL,rougeLsum,KL_Divergence,bertscore
0,0.33845627077412527,0.13386458903417767,0.22719972039490044,0.23061253235148618,0.05179454695785972,86.18
