,rouge1,rouge2,rougeL,rougeLsum,Bertscore
0,0.23450795839835029,0.07585172398243095,0.20729642162972994,0.20734838058274477,0.8664589393138885
