,rouge1,rouge2,rougeL,rougeLsum,Bertscore
0,0.17387290712096304,0.031509306190980746,0.13368373837012026,0.1337962620957348,0.8543583228769461
