,rouge1,rouge2,rougeL,rougeLsum,Bertscore
0,0.37786415057441425,0.15835497846589894,0.25032483342789413,0.25416402072893574,0.8666357205865162
