,rouge1,rouge2,rougeL,rougeLsum,Bertscore
0,0.14135083929925588,0.02119011265392271,0.11180511727585454,0.11162684323690233,0.8442131955214222
