,rouge1,rouge2,rougeL,rougeLsum,Wass_Divergence,bertscore
0,0.1615259458316694,0.041430169431135144,0.1297562607135857,0.1299502221206599,0.010176085861918347,81.99
