,rouge1,rouge2,rougeL,rougeLsum,Wass_Divergence,bertscore
0,0.1807689899890992,0.034931006983573425,0.12649594881178805,0.12682988294121733,0.001633438066425756,85.30
