,rouge1,rouge2,rougeL,rougeLsum,Wass_Divergence,bertscore
0,0.27557657711358813,0.0848779711698576,0.17597241668148822,0.17893815451733175,0.00034847301167442447,81.73
