,rouge1,rouge2,rougeL,rougeLsum,Wass_Divergence,bertscore
0,0.11563837249172673,0.020521319619631783,0.08278310534953007,0.08327092696370551,0.002433732388062296,69.23
