,rouge1,rouge2,rougeL,rougeLsum,Bertscore
0,0.24518993387892601,0.061514941606009205,0.17713827817615843,0.177272761966067,0.8704865915766022
