,rouge1,rouge2,rougeL,rougeLsum,Bertscore
0,0.21506462240111096,0.05719122024210577,0.18208799287107327,0.18239090025738092,0.8692619759103526
