,rouge1,rouge2,rougeL,rougeLsum,Bertscore
0,0.19876184136369374,0.040766915047714666,0.14814470117621986,0.14826140722592374,0.8601434154040886
