,rouge1,rouge2,rougeL,rougeLsum,Bertscore
0,0.3190116845763166,0.10127081457874795,0.19808261622202034,0.20176995514287102,0.8636778420724046
