,rouge1,rouge2,rougeL,rougeLsum,Bertscore
0,0.20402893486430956,0.04532976668031054,0.15269050613175417,0.1531373663789928,0.8643800139673485
