,rouge1,rouge2,rougeL,rougeLsum,Bertscore
0,0.3368197913768334,0.11789823203582953,0.21060155849478251,0.2140907154197711,0.8697408948496921
