,rouge1,rouge2,rougeL,rougeLsum,Bertscore
0,0.2709883778810871,0.09575120788798039,0.23058205433043072,0.2309693095472016,0.8868355393409729
