,rouge1,rouge2,rougeL,rougeLsum,Bertscore
0,0.2547263644534965,0.06730604814799776,0.1832477608164843,0.18345279742839982,0.8764426128210058
