,rouge1,rouge2,rougeL,rougeLsum,Bertscore
0,0.2556097342313963,0.06621466842486151,0.18348258482436078,0.18354745763150518,0.8764834815863918
