,rouge1,rouge2,rougeL,rougeLsum,Bertscore
0,0.33792345306321214,0.11896965673662206,0.21122001416878575,0.21509850024313207,0.869821457678761
