,rouge1,rouge2,rougeL,rougeLsum,Bertscore
0,0.1991492035905286,0.04377531938446519,0.14954517743018342,0.14922516228181554,0.8647514374788142
