,rouge1,rouge2,rougeL,rougeLsum,Bertscore
0,0.27424522504552673,0.09391392644525297,0.2299643689816614,0.22950000559206177,0.8873613067295241
