,rouge1,rouge2,rougeL,rougeLsum,Bertscore
0,0.3636315467303544,0.14788863513718328,0.23630375576891466,0.24017969456136776,0.8690538959102501
