,rouge1,rouge2,rougeL,rougeLsum,Bertscore
0,0.2704568167184601,0.09338587845004381,0.23418459716891019,0.23544130123157592,0.8840821209161178
