,rouge1,rouge2,rougeL,rougeLsum,Bertscore
0,0.15379756595730748,0.028465059606890622,0.11964678481054623,0.11922222440713517,0.8537380038953024
