,rouge1,rouge2,rougeL,rougeLsum,Bertscore
0,0.18453124720354286,0.03466613384617026,0.14021061647270106,0.1400935058725991,0.8607742956575758
