,rouge1,rouge2,rougeL,rougeLsum,Bertscore
0,0.2719507989989092,0.09325804911735625,0.23519338633566006,0.2346083638464121,0.884082121434419
