,rouge1,rouge2,rougeL,rougeLsum,Bertscore
0,0.1846580479765927,0.03468315043570813,0.14013807422826352,0.14006552009670176,0.8607742968011799
