,rouge1,rouge2,rougeL,rougeLsum,Bertscore
0,0.36320006453855014,0.1479122593877942,0.23620825721951286,0.24024166328040053,0.8690538961358544
