,rouge1,rouge2,rougeL,rougeLsum,Bertscore
0,0.15355158277198472,0.028278942786045543,0.11917707015058909,0.11954508343182943,0.8537380061120041
