,rouge1,rouge2,rougeL,rougeLsum,Wass_Divergence,bertscore
0,0.19875401768925086,0.04044999553422446,0.14660673976308364,0.14660909601953936,0.011673396719996499,85.79
