,rouge1,rouge2,rougeL,rougeLsum,Wass_Divergence,bertscore
0,0.3263071983011866,0.10407458460348969,0.20397577310701326,0.2073792667453954,0.001136720193279378,86.47
