,rouge1,rouge2,rougeL,rougeLsum,Wass_Divergence,bertscore
0,0.254196980319468,0.06834713057430047,0.18767019019121106,0.18770355988817444,0.03650077568979999,87.13
