,rouge1,rouge2,rougeL,rougeLsum,Wass_Divergence,bertscore
0,0.2286631720742059,0.05688830391255309,0.19094764108668177,0.19064471415017253,0.013854190919088214,87.40
