,rouge1,rouge2,rougeL,rougeLsum,Bertscore,MENLI
0,0.3096873270534688,0.11561503987353633,0.20345978339106258,0.20516586014868832,0.8651403433382511,0.4652255518823694
