,rouge1,rouge2,rougeL,rougeLsum,Bertscore,MENLI
0,0.2875922724673854,0.09267188520995454,0.18617068269294307,0.18769948700303465,0.8630839714859099,0.4608538937149661
