,rouge1,rouge2,rougeL,rougeLsum,Bertscore,MENLI
0,0.1977345618547351,0.039573859734769345,0.1457781830999127,0.14566691676923138,0.8574594622678235,0.019679975873136236
