,rouge1,rouge2,rougeL,rougeLsum,Bertscore,MENLI
0,0.20571625559811327,0.04720771487036126,0.15213564722660627,0.15221372249718262,0.8581258159649523,0.02139222046759246
