,rouge1,rouge2,rougeL,rougeLsum,Bertscore
0,0.20434915406441626,0.04616337761283927,0.15186308469838272,0.15178661647880087,0.8586365517177529
