,rouge1,rouge2,rougeL,rougeLsum,Bertscore
0,0.3046541056011126,0.11141126571446802,0.20062382153251077,0.20244955442581883,0.8649429159286695
