,rouge1,rouge2,rougeL,rougeLsum,Bertscore,MENLI
0,0.2077247377235798,0.04815802967502301,0.15366979908871825,0.1535610181485893,0.8586391410215105,-0.008933139381008622
