,rouge1,rouge2,rougeL,rougeLsum,Bertscore,MENLI
0,0.252953328019211,0.0685543957838814,0.1867258743066486,0.18667627276559604,0.8715275134393439,-0.024775684408590973
