,rouge1,rouge2,rougeL,rougeLsum,Bertscore,MENLI
0,0.2598400217082312,0.07316209218314577,0.19189908989489568,0.19193455754904593,0.8719789227691492,-0.02431418992339988
