,rouge1,rouge2,rougeL,rougeLsum,Bertscore
0,0.22698589578349848,0.053186086700801535,0.18922065422542822,0.18922569665770472,0.8739884785966936
