,rouge1,rouge2,rougeL,rougeLsum,Bertscore,MENLI
0,0.28764918881440865,0.09267770644308598,0.18625467972873666,0.18783777828982895,0.8630839725908364,0.5039388894399673
