,rouge1,rouge2,rougeL,rougeLsum,Bertscore
0,0.2516322630454931,0.066920964662478,0.18448899800108037,0.18448302825973767,0.8712936278996816
