,rouge1,rouge2,rougeL,rougeLsum,Bertscore,MENLI
0,0.2562321841477504,0.08005799668060837,0.2196670350248332,0.21982745385136207,0.8744612986227537,0.016741749199719946
