,rouge1,rouge2,rougeL,rougeLsum,Bertscore,MENLI
0,0.30968873477169356,0.1162377093392241,0.2036232658955308,0.20532205523631072,0.8652511438552433,0.5068456332346999
