,rouge1,rouge2,rougeL,rougeLsum,Bertscore,MENLI
0,0.1977849263950603,0.03953888173629795,0.1457053478433712,0.14582577706109232,0.8574594628539786,-0.01103578023910266
