,rouge1,rouge2,rougeL,rougeLsum,Bertscore
0,0.23746356136023972,0.058935942033024644,0.17309034065530093,0.17328090543935376,0.8659916995923118
