,rouge1,rouge2,rougeL,rougeLsum,Bertscore
0,0.19660125034459644,0.0610521574814606,0.17299548025656047,0.17377912621534639,0.8601754676728022
