,rouge1,rouge2,rougeL,rougeLsum,Bertscore
0,0.354495135863366,0.13188613133833313,0.2260456693393401,0.22995674645653147,0.8679064321391606
