,rouge1,rouge2,rougeL,rougeLsum,Bertscore
0,0.19776921098156292,0.04459011288964432,0.14825602255565584,0.1481688558550983,0.8580586815590302
