,rouge1,rouge2,rougeL,rougeLsum,Wass_Divergence,bertscore
0,0.19809660942638851,0.03913739394885111,0.14890566007276576,0.1487893869617053,0.005462845886376763,86.06
