,rouge1,rouge2,rougeL,rougeLsum,Wass_Divergence,bertscore
0,0.26897799231717084,0.07666441238168584,0.19636788432606825,0.19635429934655046,0.015990446936535264,87.58
