,rouge1,rouge2,rougeL,rougeLsum,Wass_Divergence,bertscore
0,0.3299371167808288,0.10294099714894542,0.2057185245536505,0.20903610453469004,0.0016896893453492111,86.45
