,rouge1,rouge2,rougeL,rougeLsum,Wass_Divergence,bertscore
0,0.22639092693067286,0.059250175309072374,0.1906170062366091,0.19051012489678273,0.005007934683651537,87.547
