,rouge1,rouge2,rougeL,rougeLsum,Bertscore
0,0.26661619645165713,0.07601060855040692,0.19763425138312318,0.1978897002066592,0.8769817714131254
