,rouge1,rouge2,rougeL,rougeLsum,Bertscore
0,0.2775760942234962,0.09228762408755123,0.23544151783756073,0.2356458105773727,0.8858470408812813
