,rouge1,rouge2,rougeL,rougeLsum,Bertscore
0,0.3571699488043344,0.1351129092040067,0.22631653394091067,0.2302530765013447,0.8722109859139516
