,rouge1,rouge2,rougeL,rougeLsum,Bertscore
0,0.20202292478084433,0.04549919524418181,0.1509120996038299,0.15092457466410147,0.8619186906884405
