,rouge1,rouge2,rougeL,rougeLsum,Bertscore
0,0.26657936331156384,0.07598528895418817,0.19782410562656622,0.19751447838779645,0.8769817722822645
