,rouge1,rouge2,rougeL,rougeLsum,Bertscore
0,0.3570296984955169,0.13499460853105952,0.22628756395443483,0.23031584454321102,0.8722109863200393
