,rouge1,rouge2,rougeL,rougeLsum,Bertscore
0,0.2779803001339393,0.09277667118480208,0.2359542756962147,0.23611804138451364,0.8858470408812813
