,rouge1,rouge2,rougeL,rougeLsum,Bertscore
0,0.20192829195615997,0.04532834686754804,0.15096452386870512,0.15120471186616175,0.8619186884439142
