,rouge1,rouge2,rougeL,rougeLsum,Bertscore
0,0.3275922455289886,0.10455306148483794,0.20403944773523652,0.20756027674701594,0.8645359038259275
