,rouge1,rouge2,rougeL,rougeLsum,Bertscore
0,0.20326083295877515,0.05439415006726683,0.17165291081861472,0.171424977153907,0.8639246476814151
