,rouge1,rouge2,rougeL,rougeLsum,Bertscore
0,0.2234745923367487,0.05130702580646204,0.1648924275488796,0.1649348689814151,0.8638381561444651
