,rouge1,rouge2,rougeL,rougeLsum,Bertscore
0,0.19947619521340765,0.04197892978044054,0.1452023134967839,0.14514384698224903,0.8578835493270827
