,rouge1,rouge2,rougeL,rougeLsum,Wass_Divergence,bertscore
0,0.13483642494059855,0.01839749956953076,0.10681168901964708,0.10686609792416377,0.03139334171659745,84.41
