,rouge1,rouge2,rougeL,rougeLsum,Wass_Divergence,bertscore
0,0.15802325476879592,0.03307244895300839,0.1322595679301502,0.13207281834852308,0.06377340637791658,85.75
