,rouge1,rouge2,rougeL,rougeLsum,Wass_Divergence,bertscore
0,0.31571259465139556,0.09688272710916665,0.2000084797550727,0.20343333065142086,0.019913064078853057,85.73
