,rouge1,rouge2,rougeL,rougeLsum,Wass_Divergence,bertscore
0,0.16728339015579008,0.02674180724840825,0.12887680609304847,0.12881669400258855,0.031411969461818616,85.18
